title,url,id,author
"Frankenstein; Or, The Modern Prometheus",https://www.gutenberg.org/ebooks/84,84,Mary Wollstonecraft Shelley
"Moby Dick; Or, The Whale",https://www.gutenberg.org/ebooks/2701,2701,Herman Melville
Romeo and Juliet,https://www.gutenberg.org/ebooks/1513,1513,William Shakespeare
Pride and Prejudice,https://www.gutenberg.org/ebooks/1342,1342,Jane Austen
Alice's Adventures in Wonderland,https://www.gutenberg.org/ebooks/11,11,Lewis Carroll
The Great Gatsby,https://www.gutenberg.org/ebooks/64317,64317,F. Scott Fitzgerald
A Doll's House : a play,https://www.gutenberg.org/ebooks/2542,2542,Henrik Ibsen
The Complete Works of William Shakespeare,https://www.gutenberg.org/ebooks/100,100,William Shakespeare
Middlemarch,https://www.gutenberg.org/ebooks/145,145,George Eliot
A Room with a View,https://www.gutenberg.org/ebooks/2641,2641,E. M. Forster
"Little Women; Or, Meg, Jo, Beth, and Amy",https://www.gutenberg.org/ebooks/37106,37106,Louisa May Alcott
The Picture of Dorian Gray,https://www.gutenberg.org/ebooks/174,174,Oscar Wilde
The Importance of Being Earnest: A Trivial Comedy for Serious People,https://www.gutenberg.org/ebooks/844,844,Oscar Wilde
The Blue Castle: a novel,https://www.gutenberg.org/ebooks/67979,67979,L. M. Montgomery
The Enchanted April,https://www.gutenberg.org/ebooks/16389,16389,Elizabeth Von Arnim
The Strange Case of Dr. Jekyll and Mr. Hyde,https://www.gutenberg.org/ebooks/43,43,Robert Louis Stevenson
The Yellow Wallpaper,https://www.gutenberg.org/ebooks/1952,1952,Charlotte Perkins Gilman
Cranford,https://www.gutenberg.org/ebooks/394,394,Elizabeth Cleghorn Gaskell
The Adventures of Ferdinand Count Fathom — Complete,https://www.gutenberg.org/ebooks/6761,6761,T. Smollett
The Expedition of Humphry Clinker,https://www.gutenberg.org/ebooks/2160,2160,T. Smollett
"History of Tom Jones, a Foundling",https://www.gutenberg.org/ebooks/6593,6593,Henry Fielding
The Adventures of Roderick Random,https://www.gutenberg.org/ebooks/4085,4085,T. Smollett
Dracula,https://www.gutenberg.org/ebooks/345,345,Bram Stoker
Twenty years after,https://www.gutenberg.org/ebooks/1259,1259,Alexandre Dumas and Auguste Maquet
Crime and Punishment,https://www.gutenberg.org/ebooks/2554,2554,Fyodor Dostoyevsky
Metamorphosis,https://www.gutenberg.org/ebooks/5200,5200,Franz Kafka
Adventures of Huckleberry Finn,https://www.gutenberg.org/ebooks/76,76,Mark Twain
A Tale of Two Cities,https://www.gutenberg.org/ebooks/98,98,Charles Dickens
The Scarlet Letter,https://www.gutenberg.org/ebooks/25344,25344,Nathaniel Hawthorne
Jane Eyre: An Autobiography,https://www.gutenberg.org/ebooks/1260,1260,Charlotte Brontë
Great Expectations,https://www.gutenberg.org/ebooks/1400,1400,Charles Dickens
Heart of Darkness,https://www.gutenberg.org/ebooks/219,219,Joseph Conrad
"Frankenstein; Or, The Modern Prometheus",https://www.gutenberg.org/ebooks/41445,41445,Mary Wollstonecraft Shelley
The Devil is an Ass,https://www.gutenberg.org/ebooks/50150,50150,Ben Jonson
The Count of Monte Cristo,https://www.gutenberg.org/ebooks/1184,1184,Alexandre Dumas and Auguste Maquet
War and Peace,https://www.gutenberg.org/ebooks/2600,2600,graf Leo Tolstoy
The Brothers Karamazov,https://www.gutenberg.org/ebooks/28054,28054,Fyodor Dostoyevsky
The Adventures of Sherlock Holmes,https://www.gutenberg.org/ebooks/1661,1661,Arthur Conan Doyle
Don Quijote (Spanish),https://www.gutenberg.org/ebooks/2000,2000,Miguel de Cervantes Saavedra
"Ang ""Filibusterismo"" (Karugtóng ng Noli Me Tangere) (Tagalog)",https://www.gutenberg.org/ebooks/47629,47629,José Rizal
Noli Me Tangere (Tagalog),https://www.gutenberg.org/ebooks/20228,20228,José Rizal
Ulysses,https://www.gutenberg.org/ebooks/4300,4300,James Joyce
Wuthering Heights,https://www.gutenberg.org/ebooks/768,768,Emily Brontë
Du côté de chez Swann (French),https://www.gutenberg.org/ebooks/2650,2650,Marcel Proust
The Reign of Greed,https://www.gutenberg.org/ebooks/10676,10676,José Rizal
A Christmas Carol in Prose; Being a Ghost Story of Christmas,https://www.gutenberg.org/ebooks/46,46,Charles Dickens
"The Adventures of Tom Sawyer, Complete",https://www.gutenberg.org/ebooks/74,74,Mark Twain
Anne of Green Gables,https://www.gutenberg.org/ebooks/45,45,L. M. Montgomery
Dubliners,https://www.gutenberg.org/ebooks/2814,2814,James Joyce
White Nights and Other Stories,https://www.gutenberg.org/ebooks/36034,36034,Fyodor Dostoyevsky
The Wonderful Wizard of Oz,https://www.gutenberg.org/ebooks/55,55,L. Frank Baum
Les Misérables,https://www.gutenberg.org/ebooks/135,135,Victor Hugo
The Romance of Lust: A classic Victorian erotic novel,https://www.gutenberg.org/ebooks/30254,30254,Anonymous
Little Women,https://www.gutenberg.org/ebooks/514,514,Louisa May Alcott
Le Morte d'Arthur: Volume 1,https://www.gutenberg.org/ebooks/1251,1251,Sir Thomas Malory
Carmilla,https://www.gutenberg.org/ebooks/10007,10007,Joseph Sheridan Le Fanu
A Study in Scarlet,https://www.gutenberg.org/ebooks/244,244,Arthur Conan Doyle
The Legend of Sleepy Hollow,https://www.gutenberg.org/ebooks/41,41,Washington Irving
The Tragical History of Doctor Faustus,https://www.gutenberg.org/ebooks/779,779,Christopher Marlowe
The Works of Edgar Allan Poe — Volume 2,https://www.gutenberg.org/ebooks/2148,2148,Edgar Allan Poe
Emma,https://www.gutenberg.org/ebooks/158,158,Jane Austen
Plays,https://www.gutenberg.org/ebooks/10623,10623,Susan Glaspell
Don Quixote,https://www.gutenberg.org/ebooks/996,996,Miguel de Cervantes Saavedra
Oliver Twist,https://www.gutenberg.org/ebooks/730,730,Charles Dickens
"Frankenstein; Or, The Modern Prometheus",https://www.gutenberg.org/ebooks/42324,42324,Mary Wollstonecraft Shelley
The War of the Worlds,https://www.gutenberg.org/ebooks/36,36,H. G. Wells
Anna Karenina,https://www.gutenberg.org/ebooks/1399,1399,graf Leo Tolstoy
Winnie-the-Pooh,https://www.gutenberg.org/ebooks/67098,67098,A. A. Milne
Treasure Island,https://www.gutenberg.org/ebooks/120,120,Robert Louis Stevenson
Josefine Mutzenbacher (German),https://www.gutenberg.org/ebooks/31284,31284,Felix Salten
Candide,https://www.gutenberg.org/ebooks/19942,19942,Voltaire
The Hound of the Baskervilles,https://www.gutenberg.org/ebooks/2852,2852,Arthur Conan Doyle
Peter Pan,https://www.gutenberg.org/ebooks/16,16,J. M. Barrie
The King in Yellow,https://www.gutenberg.org/ebooks/8492,8492,Robert W. Chambers
Gulliver's Travels into Several Remote Nations of the World,https://www.gutenberg.org/ebooks/829,829,Jonathan Swift
Notes from the Underground,https://www.gutenberg.org/ebooks/600,600,Fyodor Dostoyevsky
Faust [part 1]. Translated Into English in the Original Metres,https://www.gutenberg.org/ebooks/14591,14591,Johann Wolfgang von Goethe
Sense and Sensibility,https://www.gutenberg.org/ebooks/161,161,Jane Austen
"Hamlet, Prince of Denmark",https://www.gutenberg.org/ebooks/27761,27761,William Shakespeare
Through the Looking-Glass,https://www.gutenberg.org/ebooks/12,12,Lewis Carroll
Persuasion,https://www.gutenberg.org/ebooks/105,105,Jane Austen
Oedipus King of Thebes,https://www.gutenberg.org/ebooks/27673,27673,Sophocles
Hard Times,https://www.gutenberg.org/ebooks/786,786,Charles Dickens
The Life and Adventures of Robinson Crusoe,https://www.gutenberg.org/ebooks/521,521,Daniel Defoe
The Time Machine,https://www.gutenberg.org/ebooks/35,35,H. G. Wells
Les misérables Tome I: Fantine (French),https://www.gutenberg.org/ebooks/17489,17489,Victor Hugo
The Turn of the Screw,https://www.gutenberg.org/ebooks/209,209,Henry James
A Portrait of the Artist as a Young Man,https://www.gutenberg.org/ebooks/4217,4217,James Joyce
The Sorrows of Young Werther,https://www.gutenberg.org/ebooks/2527,2527,Johann Wolfgang von Goethe
The Jungle,https://www.gutenberg.org/ebooks/140,140,Upton Sinclair
The call of the wild,https://www.gutenberg.org/ebooks/215,215,Jack London
Pygmalion,https://www.gutenberg.org/ebooks/3825,3825,Bernard Shaw
The Tempest,https://www.gutenberg.org/ebooks/23042,23042,William Shakespeare
Lysistrata,https://www.gutenberg.org/ebooks/7700,7700,Aristophanes
西遊記 (Chinese),https://www.gutenberg.org/ebooks/23962,23962,Cheng'en Wu
The murder of Roger Ackroyd,https://www.gutenberg.org/ebooks/69087,69087,Agatha Christie
"The Awakening, and Selected Short Stories",https://www.gutenberg.org/ebooks/160,160,Kate Chopin
Madame Bovary,https://www.gutenberg.org/ebooks/2413,2413,Gustave Flaubert
Ethan Frome,https://www.gutenberg.org/ebooks/4517,4517,Edith Wharton
Uncle Tom's Cabin,https://www.gutenberg.org/ebooks/203,203,Harriet Beecher Stowe
Siddhartha,https://www.gutenberg.org/ebooks/2500,2500,Hermann Hesse
David Copperfield,https://www.gutenberg.org/ebooks/766,766,Charles Dickens
Tess of the d'Urbervilles: A Pure Woman,https://www.gutenberg.org/ebooks/110,110,Thomas Hardy
Northanger Abbey,https://www.gutenberg.org/ebooks/121,121,Jane Austen
The Prince and the Pauper,https://www.gutenberg.org/ebooks/1837,1837,Mark Twain
The Tale of Peter Rabbit,https://www.gutenberg.org/ebooks/14838,14838,Beatrix Potter
Twenty Thousand Leagues under the Sea,https://www.gutenberg.org/ebooks/164,164,Jules Verne
Complete Original Short Stories of Guy De Maupassant,https://www.gutenberg.org/ebooks/3090,3090,Guy de Maupassant
2 B R 0 2 B,https://www.gutenberg.org/ebooks/21279,21279,Kurt Vonnegut
A Midsummer Night's Dream,https://www.gutenberg.org/ebooks/1514,1514,William Shakespeare
The Jungle Book,https://www.gutenberg.org/ebooks/236,236,Rudyard Kipling
The Red Badge of Courage: An Episode of the American Civil War,https://www.gutenberg.org/ebooks/73,73,Stephen Crane
Memoirs of Fanny Hill,https://www.gutenberg.org/ebooks/25305,25305,John Cleland
The Social Cancer: A Complete English Version of Noli Me Tangere,https://www.gutenberg.org/ebooks/6737,6737,José Rizal
"Hamlet, Prince of Denmark",https://www.gutenberg.org/ebooks/1524,1524,William Shakespeare
雲形紋章 (Japanese),https://www.gutenberg.org/ebooks/35018,35018,John Meade Falkner
The Invisible Man: A Grotesque Romance,https://www.gutenberg.org/ebooks/5230,5230,H. G. Wells
A Christmas Carol,https://www.gutenberg.org/ebooks/24022,24022,Charles Dickens
Three Men in a Boat (To Say Nothing of the Dog),https://www.gutenberg.org/ebooks/308,308,Jerome K. Jerome
The Sign of the Four,https://www.gutenberg.org/ebooks/2097,2097,Arthur Conan Doyle
Mansfield Park,https://www.gutenberg.org/ebooks/141,141,Jane Austen
The island of Doctor Moreau,https://www.gutenberg.org/ebooks/159,159,H. G. Wells
Notre-Dame de Paris - Tome 1 (French),https://www.gutenberg.org/ebooks/70891,70891,Victor Hugo
The Sea-Gull,https://www.gutenberg.org/ebooks/1754,1754,Anton Pavlovich Chekhov
The Iliad,https://www.gutenberg.org/ebooks/2199,2199,Homer
The Vampyre; a Tale,https://www.gutenberg.org/ebooks/6087,6087,John William Polidori
The Idiot,https://www.gutenberg.org/ebooks/2638,2638,Fyodor Dostoyevsky
Around the World in Eighty Days,https://www.gutenberg.org/ebooks/103,103,Jules Verne
White Fang,https://www.gutenberg.org/ebooks/910,910,Jack London
The Age of Innocence,https://www.gutenberg.org/ebooks/541,541,Edith Wharton
Baron Trump's Marvellous Underground Journey,https://www.gutenberg.org/ebooks/57426,57426,Ingersoll Lockwood
Mrs. Dalloway,https://www.gutenberg.org/ebooks/71865,71865,Virginia Woolf
"Bartleby, the Scrivener: A Story of Wall-Street",https://www.gutenberg.org/ebooks/11231,11231,Herman Melville
The Decameron of Giovanni Boccaccio,https://www.gutenberg.org/ebooks/23700,23700,Giovanni Boccaccio
Anthem,https://www.gutenberg.org/ebooks/1250,1250,Ayn Rand
Mosses from an old manse,https://www.gutenberg.org/ebooks/512,512,Nathaniel Hawthorne
An Occurrence at Owl Creek Bridge,https://www.gutenberg.org/ebooks/375,375,Ambrose Bierce
Bleak House,https://www.gutenberg.org/ebooks/1023,1023,Charles Dickens
The Lady with the Dog and Other Stories,https://www.gutenberg.org/ebooks/13415,13415,Anton Pavlovich Chekhov
The Tenniel Illustrations for Carroll's Alice in Wonderland,https://www.gutenberg.org/ebooks/114,114,John Tenniel
Just so stories,https://www.gutenberg.org/ebooks/2781,2781,Rudyard Kipling
The Works of Edgar Allan Poe — Volume 1,https://www.gutenberg.org/ebooks/2147,2147,Edgar Allan Poe
"Othello, the Moor of Venice",https://www.gutenberg.org/ebooks/1531,1531,William Shakespeare
The Duchess of Malfi,https://www.gutenberg.org/ebooks/2232,2232,John Webster
The Spy,https://www.gutenberg.org/ebooks/26272,26272,James Fenimore Cooper
The Secret Garden,https://www.gutenberg.org/ebooks/113,113,Frances Hodgson Burnett
Die Verwandlung (German),https://www.gutenberg.org/ebooks/22367,22367,Franz Kafka
Project Gutenberg Compilation of Short Stories by Chekhov,https://www.gutenberg.org/ebooks/57333,57333,Anton Pavlovich Chekhov
Cyrano de Bergerac,https://www.gutenberg.org/ebooks/1254,1254,Edmond Rostand
R.U.R. (Rossum's Universal Robots),https://www.gutenberg.org/ebooks/59112,59112,Karel Čapek
The Trial,https://www.gutenberg.org/ebooks/7849,7849,Franz Kafka
"The Happy Prince, and Other Tales",https://www.gutenberg.org/ebooks/902,902,Oscar Wilde
A Connecticut Yankee in King Arthur's Court,https://www.gutenberg.org/ebooks/19506,19506,Mark Twain
Julius Caesar,https://www.gutenberg.org/ebooks/1522,1522,William Shakespeare
The Grand Inquisitor,https://www.gutenberg.org/ebooks/8578,8578,Fyodor Dostoyevsky
"Le comte de Monte-Cristo, Tome I (French)",https://www.gutenberg.org/ebooks/17989,17989,Alexandre Dumas and Auguste Maquet
The Castle of Otranto,https://www.gutenberg.org/ebooks/696,696,Horace Walpole
A Journey to the Centre of the Earth,https://www.gutenberg.org/ebooks/18857,18857,Jules Verne
"She Stoops to Conquer; Or, The Mistakes of a Night: A Comedy",https://www.gutenberg.org/ebooks/383,383,Oliver Goldsmith
The three musketeers,https://www.gutenberg.org/ebooks/1257,1257,Alexandre Dumas and Auguste Maquet
Notre-Dame de Paris,https://www.gutenberg.org/ebooks/2610,2610,Victor Hugo
"The History of Don Quixote, Volume 1, Complete",https://www.gutenberg.org/ebooks/5921,5921,Miguel de Cervantes Saavedra
Swann's Way,https://www.gutenberg.org/ebooks/7178,7178,Marcel Proust
We,https://www.gutenberg.org/ebooks/61963,61963,Evgenii Ivanovich Zamiatin
The Mysterious Affair at Styles,https://www.gutenberg.org/ebooks/863,863,Agatha Christie
The Eyes Have It,https://www.gutenberg.org/ebooks/31516,31516,Philip K. Dick
The Picture of Dorian Gray,https://www.gutenberg.org/ebooks/4078,4078,Oscar Wilde
The Pickwick Papers,https://www.gutenberg.org/ebooks/580,580,Charles Dickens
The Wind in the Willows,https://www.gutenberg.org/ebooks/289,289,Kenneth Grahame
Medea of Euripides,https://www.gutenberg.org/ebooks/35451,35451,Euripides
North and South,https://www.gutenberg.org/ebooks/4276,4276,Elizabeth Cleghorn Gaskell
苦悶の欄 (Japanese),https://www.gutenberg.org/ebooks/39287,39287,Earl Derr Biggers
Herland,https://www.gutenberg.org/ebooks/32,32,Charlotte Perkins Gilman
The Phantom of the Opera,https://www.gutenberg.org/ebooks/175,175,Gaston Leroux
Little Brother,https://www.gutenberg.org/ebooks/30142,30142,Cory Doctorow
"The possessed :  or, The devils",https://www.gutenberg.org/ebooks/8117,8117,Fyodor Dostoyevsky
A passage to India,https://www.gutenberg.org/ebooks/61221,61221,E. M. Forster
The Sun Also Rises,https://www.gutenberg.org/ebooks/67138,67138,Ernest Hemingway
Les trois mousquetaires (French),https://www.gutenberg.org/ebooks/13951,13951,Alexandre Dumas and Auguste Maquet
Black Beauty,https://www.gutenberg.org/ebooks/271,271,Anna Sewell
The Merchant of Venice,https://www.gutenberg.org/ebooks/1515,1515,William Shakespeare
Gargantua and Pantagruel,https://www.gutenberg.org/ebooks/1200,1200,François Rabelais
The Lady of the Lake,https://www.gutenberg.org/ebooks/3011,3011,Walter Scott
Daisy Miller: A Study,https://www.gutenberg.org/ebooks/208,208,Henry James
A Connecticut Yankee in King Arthur's Court,https://www.gutenberg.org/ebooks/86,86,Mark Twain
紅樓夢 (Chinese),https://www.gutenberg.org/ebooks/24264,24264,Xueqin Cao
"The Works of Edgar Allan Poe, The Raven Edition",https://www.gutenberg.org/ebooks/25525,25525,Edgar Allan Poe
"Twelfth Night; Or, What You Will",https://www.gutenberg.org/ebooks/1526,1526,William Shakespeare
A Little Princess,https://www.gutenberg.org/ebooks/146,146,Frances Hodgson Burnett
The Satyricon — Complete,https://www.gutenberg.org/ebooks/5225,5225,Petronius Arbiter
The Memoirs of Sherlock Holmes,https://www.gutenberg.org/ebooks/834,834,Arthur Conan Doyle
The Return of Sherlock Holmes,https://www.gutenberg.org/ebooks/108,108,Arthur Conan Doyle
"The Garden Party, and Other Stories",https://www.gutenberg.org/ebooks/1429,1429,Katherine Mansfield
The Open Boat and Other Stories,https://www.gutenberg.org/ebooks/45524,45524,Stephen Crane
Vanity Fair,https://www.gutenberg.org/ebooks/599,599,William Makepeace Thackeray
Anne of the Island,https://www.gutenberg.org/ebooks/51,51,L. M. Montgomery
The Gift of the Magi,https://www.gutenberg.org/ebooks/7256,7256,O. Henry
The Strange Case of Dr. Jekyll and Mr. Hyde,https://www.gutenberg.org/ebooks/42,42,Robert Louis Stevenson
A Journal of the Plague Year,https://www.gutenberg.org/ebooks/376,376,Daniel Defoe
Der Struwwelpeter (German),https://www.gutenberg.org/ebooks/24571,24571,Heinrich Hoffmann
Salomé: A Tragedy in One Act,https://www.gutenberg.org/ebooks/42704,42704,Oscar Wilde
A Journey to the Center of the Earth,https://www.gutenberg.org/ebooks/19513,19513,Jules Verne
Pride and Prejudice,https://www.gutenberg.org/ebooks/42671,42671,Jane Austen
The Moonstone,https://www.gutenberg.org/ebooks/155,155,Wilkie Collins
The Fall of the House of Usher,https://www.gutenberg.org/ebooks/932,932,Edgar Allan Poe
"The Life and Opinions of Tristram Shandy, Gentleman",https://www.gutenberg.org/ebooks/1079,1079,Laurence Sterne
Ghosts,https://www.gutenberg.org/ebooks/8121,8121,Henrik Ibsen
Trois femmes (French),https://www.gutenberg.org/ebooks/70954,70954,Pierre Mille
The House of Mirth,https://www.gutenberg.org/ebooks/284,284,Edith Wharton
The Portrait of a Lady — Volume 1,https://www.gutenberg.org/ebooks/2833,2833,Henry James
A Pail of Air,https://www.gutenberg.org/ebooks/51461,51461,Fritz Leiber
The Woman in White,https://www.gutenberg.org/ebooks/583,583,Wilkie Collins
All quiet on the Western Front,https://www.gutenberg.org/ebooks/75011,75011,Erich Maria Remarque
Much Ado about Nothing,https://www.gutenberg.org/ebooks/1519,1519,William Shakespeare
Pride and Prejudice,https://www.gutenberg.org/ebooks/26301,26301,Jane Austen
Ivanhoe: A Romance,https://www.gutenberg.org/ebooks/82,82,Walter Scott
Lady Audley's Secret,https://www.gutenberg.org/ebooks/8954,8954,M. E. Braddon
The Alchemist,https://www.gutenberg.org/ebooks/4081,4081,Ben Jonson
The Adventures of Pinocchio,https://www.gutenberg.org/ebooks/500,500,Carlo Collodi
Dead Souls,https://www.gutenberg.org/ebooks/1081,1081,Nikolai Vasilevich Gogol
The Merry Adventures of Robin Hood,https://www.gutenberg.org/ebooks/10148,10148,Howard Pyle
Lady Chatterley's lover,https://www.gutenberg.org/ebooks/73144,73144,D. H. Lawrence
Sister Carrie: A Novel,https://www.gutenberg.org/ebooks/233,233,Theodore Dreiser
Anne of Avonlea,https://www.gutenberg.org/ebooks/47,47,L. M. Montgomery
Madame Bovary (French),https://www.gutenberg.org/ebooks/14155,14155,Gustave Flaubert
Alice's Adventures in Wonderland,https://www.gutenberg.org/ebooks/19033,19033,Lewis Carroll
An Enemy of the People,https://www.gutenberg.org/ebooks/2446,2446,Henrik Ibsen
Silas Marner,https://www.gutenberg.org/ebooks/550,550,George Eliot
Barchester Towers,https://www.gutenberg.org/ebooks/28811,28811,Anthony Trollope
This Side of Paradise,https://www.gutenberg.org/ebooks/805,805,F. Scott Fitzgerald
The Adventures of Pinocchio,https://www.gutenberg.org/ebooks/19516,19516,Carlo Collodi
Best Russian Short Stories,https://www.gutenberg.org/ebooks/13437,13437,
Peter and Wendy,https://www.gutenberg.org/ebooks/26654,26654,J. M. Barrie
"The Story of Beowulf, Translated from Anglo-Saxon into Modern English Prose",https://www.gutenberg.org/ebooks/50742,50742,
Lady Windermere's Fan,https://www.gutenberg.org/ebooks/790,790,Oscar Wilde
Twenty Thousand Leagues Under the Sea,https://www.gutenberg.org/ebooks/20000,20000,Jules Verne
The Pilgrim's Progress from this world to that which is to come,https://www.gutenberg.org/ebooks/131,131,John Bunyan
Adventures of Sherlock Holmes,https://www.gutenberg.org/ebooks/48320,48320,Arthur Conan Doyle
海公案 (Chinese),https://www.gutenberg.org/ebooks/54494,54494,Anonymous
"The Extraordinary Adventures of Arsène Lupin, Gentleman-Burglar",https://www.gutenberg.org/ebooks/6133,6133,Maurice Leblanc
The Masque of the Red Death,https://www.gutenberg.org/ebooks/1064,1064,Edgar Allan Poe
"1900; or, The last President",https://www.gutenberg.org/ebooks/60479,60479,Ingersoll Lockwood
The Gilded Age: A Tale of Today,https://www.gutenberg.org/ebooks/3178,3178,Mark Twain and Charles Dudley Warner
Poirot Investigates,https://www.gutenberg.org/ebooks/61262,61262,Agatha Christie
El crimen y el castigo (Spanish),https://www.gutenberg.org/ebooks/61851,61851,Fyodor Dostoyevsky
Anne of Green Gables,https://www.gutenberg.org/ebooks/19576,19576,L. M. Montgomery
Cane,https://www.gutenberg.org/ebooks/60093,60093,Jean Toomer
"Moby Dick; Or, The Whale",https://www.gutenberg.org/ebooks/28794,28794,Herman Melville
Gulliver's Travels into Several Remote Regions of the World,https://www.gutenberg.org/ebooks/17157,17157,Jonathan Swift
The Railway Children,https://www.gutenberg.org/ebooks/1874,1874,E. Nesbit
"What Men Live By, and Other Tales",https://www.gutenberg.org/ebooks/6157,6157,graf Leo Tolstoy
The Wonderful Wizard of Oz,https://www.gutenberg.org/ebooks/43936,43936,L. Frank Baum
"The Mysterious Stranger, and Other Stories",https://www.gutenberg.org/ebooks/3186,3186,Mark Twain
Emma,https://www.gutenberg.org/ebooks/19839,19839,Jane Austen
The Tragedy of Pudd'nhead Wilson,https://www.gutenberg.org/ebooks/102,102,Mark Twain
Kidnapped,https://www.gutenberg.org/ebooks/421,421,Robert Louis Stevenson
"Arsène Lupin, gentleman-cambrioleur (French)",https://www.gutenberg.org/ebooks/32854,32854,Maurice Leblanc
The Wind in the Willows,https://www.gutenberg.org/ebooks/27805,27805,Kenneth Grahame
The Mill on the Floss,https://www.gutenberg.org/ebooks/6688,6688,George Eliot
The Last of the Mohicans; A narrative of 1757,https://www.gutenberg.org/ebooks/940,940,James Fenimore Cooper
The Man Who Was Thursday: A Nightmare,https://www.gutenberg.org/ebooks/1695,1695,G. K. Chesterton
The Scarlet Pimpernel,https://www.gutenberg.org/ebooks/60,60,Baroness Emmuska Orczy Orczy
A farewell to arms,https://www.gutenberg.org/ebooks/75201,75201,Ernest Hemingway
The Way of the World,https://www.gutenberg.org/ebooks/1292,1292,William Congreve
The Return of the Native,https://www.gutenberg.org/ebooks/26264,26264,Thomas Hardy
Martin Eden,https://www.gutenberg.org/ebooks/1056,1056,Jack London
金瓶梅 (Chinese),https://www.gutenberg.org/ebooks/52200,52200,Xiaoxiaosheng
The Monkey's Paw,https://www.gutenberg.org/ebooks/12122,12122,W. W. Jacobs
The Beast in the Jungle,https://www.gutenberg.org/ebooks/1093,1093,Henry James
The Swiss Family Robinson,https://www.gutenberg.org/ebooks/26274,26274,Johann David Wyss
Demian: Die Geschichte von Emil Sinclairs Jugend (German),https://www.gutenberg.org/ebooks/41907,41907,Hermann Hesse
Jane Eyre,https://www.gutenberg.org/ebooks/23077,23077,Charlotte Brontë
Mrs. Spring Fragrance,https://www.gutenberg.org/ebooks/62940,62940,Sui Sin Far
The Odyssey,https://www.gutenberg.org/ebooks/3160,3160,Homer
Little Women,https://www.gutenberg.org/ebooks/26297,26297,Louisa May Alcott
"Eve's Diary, Complete",https://www.gutenberg.org/ebooks/8525,8525,Mark Twain
Eugene Oneguine [Onegin],https://www.gutenberg.org/ebooks/23997,23997,Aleksandr Sergeevich Pushkin
A Princess of Mars,https://www.gutenberg.org/ebooks/19515,19515,Edgar Rice Burroughs
The Scarlet Letter,https://www.gutenberg.org/ebooks/33,33,Nathaniel Hawthorne
"Winesburg, Ohio: A Group of Tales of Ohio Small Town Life",https://www.gutenberg.org/ebooks/416,416,Sherwood Anderson
The School for Scandal,https://www.gutenberg.org/ebooks/1929,1929,Richard Brinsley Sheridan
Dracula,https://www.gutenberg.org/ebooks/19797,19797,Bram Stoker
The Tale of Genji,https://www.gutenberg.org/ebooks/66057,66057,Murasaki Shikibu
The Romance of Tristan and Iseult,https://www.gutenberg.org/ebooks/14244,14244,Joseph Bédier
The Tenant of Wildfell Hall,https://www.gutenberg.org/ebooks/969,969,Anne Brontë
The Cask of Amontillado,https://www.gutenberg.org/ebooks/1063,1063,Edgar Allan Poe
The Playboy of the Western World: A Comedy in Three Acts,https://www.gutenberg.org/ebooks/1240,1240,J. M. Synge
Anne of Green Gables,https://www.gutenberg.org/ebooks/20593,20593,L. M. Montgomery
Every Man in His Humor,https://www.gutenberg.org/ebooks/5333,5333,Ben Jonson
The Secret Adversary,https://www.gutenberg.org/ebooks/1155,1155,Agatha Christie
Pride and Prejudice,https://www.gutenberg.org/ebooks/20687,20687,Jane Austen
A Princess of Mars,https://www.gutenberg.org/ebooks/62,62,Edgar Rice Burroughs
The call of Cthulhu,https://www.gutenberg.org/ebooks/68283,68283,H. P. Lovecraft
The Mayor of Casterbridge,https://www.gutenberg.org/ebooks/143,143,Thomas Hardy
The Raven,https://www.gutenberg.org/ebooks/17192,17192,Edgar Allan Poe
Adventures of Huckleberry Finn,https://www.gutenberg.org/ebooks/19640,19640,Mark Twain
The Moon and Sixpence,https://www.gutenberg.org/ebooks/222,222,W. Somerset Maugham
The Murder on the Links,https://www.gutenberg.org/ebooks/58866,58866,Agatha Christie
Man and Superman: A Comedy and a Philosophy,https://www.gutenberg.org/ebooks/3328,3328,Bernard Shaw
Far from the Madding Crowd,https://www.gutenberg.org/ebooks/107,107,Thomas Hardy
Justice,https://www.gutenberg.org/ebooks/2911,2911,John Galsworthy
The Legends of King Arthur and His Knights,https://www.gutenberg.org/ebooks/12753,12753,Sir Thomas Malory and Sir James Knowles
"Life in the Iron-Mills; Or, The Korl Woman",https://www.gutenberg.org/ebooks/876,876,Rebecca Harding Davis
An Ideal Husband,https://www.gutenberg.org/ebooks/885,885,Oscar Wilde
Rip Van Winkle,https://www.gutenberg.org/ebooks/60976,60976,Washington Irving
Cyropaedia: The Education of Cyrus,https://www.gutenberg.org/ebooks/2085,2085,Xenophon
Der Zauberberg. Erster Band (German),https://www.gutenberg.org/ebooks/65661,65661,Thomas Mann
Scaramouche: A Romance of the French Revolution,https://www.gutenberg.org/ebooks/28945,28945,Rafael Sabatini
Pollyanna,https://www.gutenberg.org/ebooks/1450,1450,Eleanor H. Porter
孽海花 (Chinese),https://www.gutenberg.org/ebooks/25128,25128,Pu Zeng
The Canterville Ghost,https://www.gutenberg.org/ebooks/14522,14522,Oscar Wilde
Shakespeare's Tragedy of Romeo and Juliet,https://www.gutenberg.org/ebooks/47960,47960,William Shakespeare
Les liaisons dangereuses (French),https://www.gutenberg.org/ebooks/52006,52006,Choderlos de Laclos
Little Lucy's Wonderful Globe,https://www.gutenberg.org/ebooks/26487,26487,Charlotte M. Yonge
Life Is a Dream,https://www.gutenberg.org/ebooks/2587,2587,Pedro Calderón de la Barca
Anne of Avonlea,https://www.gutenberg.org/ebooks/19575,19575,L. M. Montgomery
豔異編 (Chinese),https://www.gutenberg.org/ebooks/27026,27026,Shizhen Wang
Our Mutual Friend,https://www.gutenberg.org/ebooks/883,883,Charles Dickens
The Lani People,https://www.gutenberg.org/ebooks/2509,2509,Jesse F. Bone
The Valley of Fear,https://www.gutenberg.org/ebooks/3289,3289,Arthur Conan Doyle
Short Stories,https://www.gutenberg.org/ebooks/40745,40745,Fyodor Dostoyevsky
Sense and Sensibility,https://www.gutenberg.org/ebooks/22964,22964,Jane Austen
Lord Jim,https://www.gutenberg.org/ebooks/5658,5658,Joseph Conrad
Twice-told tales,https://www.gutenberg.org/ebooks/13707,13707,Nathaniel Hawthorne
Letters of Two Brides,https://www.gutenberg.org/ebooks/22981,22981,Honoré de Balzac
Alice's Adventures in Wonderland,https://www.gutenberg.org/ebooks/28885,28885,Lewis Carroll
The innocence of Father Brown,https://www.gutenberg.org/ebooks/204,204,G. K. Chesterton
The Jew of Malta,https://www.gutenberg.org/ebooks/901,901,Christopher Marlowe
The Story of the Volsungs (Volsunga Saga); with Excerpts from the Poetic Edda,https://www.gutenberg.org/ebooks/1152,1152,
"Volpone; Or, The Fox",https://www.gutenberg.org/ebooks/4039,4039,Ben Jonson
隋唐演義 (Chinese),https://www.gutenberg.org/ebooks/23835,23835,active 1675-1695 Renhu Chu
Strange Stories from a Chinese Studio (Volumes 1 and 2),https://www.gutenberg.org/ebooks/43629,43629,Songling Pu
Anne of the Island,https://www.gutenberg.org/ebooks/20265,20265,L. M. Montgomery
Gulliver's Travels,https://www.gutenberg.org/ebooks/28946,28946,Jonathan Swift
The Lost World,https://www.gutenberg.org/ebooks/139,139,Arthur Conan Doyle
The Return of the Native,https://www.gutenberg.org/ebooks/122,122,Thomas Hardy
Mary Barton,https://www.gutenberg.org/ebooks/2153,2153,Elizabeth Cleghorn Gaskell
Phaedra,https://www.gutenberg.org/ebooks/1977,1977,Jean Racine
The sound and the fury,https://www.gutenberg.org/ebooks/75170,75170,William Faulkner
"The Bet, and other stories",https://www.gutenberg.org/ebooks/55283,55283,Anton Pavlovich Chekhov
"Pamela, or Virtue Rewarded",https://www.gutenberg.org/ebooks/6124,6124,Samuel Richardson
Black Beauty - The Autobiography of a Horse,https://www.gutenberg.org/ebooks/19637,19637,Anna Sewell
Second Variety,https://www.gutenberg.org/ebooks/32032,32032,Philip K. Dick
Le Morte d'Arthur: Volume 2,https://www.gutenberg.org/ebooks/1252,1252,Sir Thomas Malory
"Tartuffe; Or, The Hypocrite",https://www.gutenberg.org/ebooks/28488,28488,Molière
Villette,https://www.gutenberg.org/ebooks/21181,21181,Charlotte Brontë
Детство (Russian),https://www.gutenberg.org/ebooks/19681,19681,graf Leo Tolstoy
The Narrative of Arthur Gordon Pym of Nantucket,https://www.gutenberg.org/ebooks/51060,51060,Edgar Allan Poe
The Marvelous Land of Oz,https://www.gutenberg.org/ebooks/54,54,L. Frank Baum
Noli me tángere (Spanish),https://www.gutenberg.org/ebooks/47584,47584,José Rizal
Villette,https://www.gutenberg.org/ebooks/9182,9182,Charlotte Brontë
The Wendigo,https://www.gutenberg.org/ebooks/10897,10897,Algernon Blackwood
The Beautiful and Damned,https://www.gutenberg.org/ebooks/9830,9830,F. Scott Fitzgerald
Daddy-Long-Legs,https://www.gutenberg.org/ebooks/40426,40426,Jean Webster
Tarzan of the Apes,https://www.gutenberg.org/ebooks/23712,23712,Edgar Rice Burroughs
Doña Perfecta (Spanish),https://www.gutenberg.org/ebooks/15725,15725,Benito Pérez Galdós
The Mysteries of Udolpho,https://www.gutenberg.org/ebooks/3268,3268,Ann Ward Radcliffe
Mansfield Park,https://www.gutenberg.org/ebooks/22962,22962,Jane Austen
The Rosary,https://www.gutenberg.org/ebooks/21175,21175,Florence L. Barclay
Venus in Furs,https://www.gutenberg.org/ebooks/6852,6852,Ritter von Leopold Sacher-Masoch
"The Forsyte Saga, Volume I.",https://www.gutenberg.org/ebooks/2559,2559,John Galsworthy
My Ántonia,https://www.gutenberg.org/ebooks/242,242,Willa Cather
The Thirty-Nine Steps,https://www.gutenberg.org/ebooks/558,558,John Buchan
The Taming of the Shrew,https://www.gutenberg.org/ebooks/1508,1508,William Shakespeare
Nicholas Nickleby,https://www.gutenberg.org/ebooks/967,967,Charles Dickens
Cuentos de Amor de Locura y de Muerte (Spanish),https://www.gutenberg.org/ebooks/13507,13507,Horacio Quiroga
The Post Office,https://www.gutenberg.org/ebooks/6523,6523,Rabindranath Tagore
The Tragedy of King Lear,https://www.gutenberg.org/ebooks/1532,1532,William Shakespeare
Niebla (Nivola) (Spanish),https://www.gutenberg.org/ebooks/49836,49836,Miguel de Unamuno
"Tom Swift and His Aerial Warship; Or, The Naval Terror of the Seas",https://www.gutenberg.org/ebooks/22951,22951,Victor Appleton
Around the World in Eighty Days,https://www.gutenberg.org/ebooks/28947,28947,Jules Verne
The Best American Humorous Short Stories,https://www.gutenberg.org/ebooks/10947,10947,
Dorothy and the Wizard in Oz,https://www.gutenberg.org/ebooks/19450,19450,L. Frank Baum
Father Goriot,https://www.gutenberg.org/ebooks/1237,1237,Honoré de Balzac
The Great God Pan,https://www.gutenberg.org/ebooks/389,389,Arthur Machen
Pride and Prejudice,https://www.gutenberg.org/ebooks/20686,20686,Jane Austen
Plays of Sophocles: Oedipus the King; Oedipus at Colonus; Antigone,https://www.gutenberg.org/ebooks/31,31,Sophocles
Howards End,https://www.gutenberg.org/ebooks/22452,22452,E. M. Forster
Stories from Tagore,https://www.gutenberg.org/ebooks/33525,33525,Rabindranath Tagore
The Gay Cockade,https://www.gutenberg.org/ebooks/16433,16433,Temple Bailey
Lady Audley's Secret,https://www.gutenberg.org/ebooks/23084,23084,M. E. Braddon
The Life of Lazarillo de Tormes,https://www.gutenberg.org/ebooks/53489,53489,Anonymous
He,https://www.gutenberg.org/ebooks/25589,25589,Andrew Lang and Walter Herries Pollock
Os Maias: episodios da vida romantica (Portuguese),https://www.gutenberg.org/ebooks/40409,40409,Eça de Queirós
El libro de las tierras vírgenes (Spanish),https://www.gutenberg.org/ebooks/69552,69552,Rudyard Kipling
Master and Man,https://www.gutenberg.org/ebooks/986,986,graf Leo Tolstoy
二刻拍案惊奇 (Chinese),https://www.gutenberg.org/ebooks/24162,24162,Mengchu Ling
"The Hungry Stones, and Other Stories",https://www.gutenberg.org/ebooks/2518,2518,Rabindranath Tagore
The Mysterious Island,https://www.gutenberg.org/ebooks/1268,1268,Jules Verne
Idylls of the King,https://www.gutenberg.org/ebooks/610,610,Baron Alfred Tennyson Tennyson
海國春秋 (Chinese),https://www.gutenberg.org/ebooks/29032,29032,Ji Wang
Fathers and Sons,https://www.gutenberg.org/ebooks/47935,47935,Ivan Sergeevich Turgenev
Maggie: A Girl of the Streets,https://www.gutenberg.org/ebooks/447,447,Stephen Crane
The Monk: A Romance,https://www.gutenberg.org/ebooks/601,601,M. G. Lewis
The Sketch-Book of Geoffrey Crayon,https://www.gutenberg.org/ebooks/2048,2048,Washington Irving
Anne's House of Dreams,https://www.gutenberg.org/ebooks/544,544,L. M. Montgomery
Jude the Obscure,https://www.gutenberg.org/ebooks/153,153,Thomas Hardy
Kim,https://www.gutenberg.org/ebooks/2226,2226,Rudyard Kipling
Typee,https://www.gutenberg.org/ebooks/23969,23969,Herman Melville
The Piazza Tales,https://www.gutenberg.org/ebooks/15859,15859,Herman Melville
Sartor Resartus: The Life and Opinions of Herr Teufelsdröckh,https://www.gutenberg.org/ebooks/1051,1051,Thomas Carlyle
Night and Day,https://www.gutenberg.org/ebooks/26584,26584,Virginia Woolf
The Princess and the Goblin,https://www.gutenberg.org/ebooks/708,708,George MacDonald
The Luck of Roaring Camp and Other Tales,https://www.gutenberg.org/ebooks/6373,6373,Bret Harte
Little Dorrit,https://www.gutenberg.org/ebooks/963,963,Charles Dickens
The Kādambarī of Bāṇa,https://www.gutenberg.org/ebooks/41128,41128,Bāṇa‏ and Bhūṣaṇabhaṭṭa
"Right Ho, Jeeves",https://www.gutenberg.org/ebooks/10554,10554,P. G. Wodehouse
El árbol de la ciencia: novela (Spanish),https://www.gutenberg.org/ebooks/60464,60464,Pío Baroja
O Pioneers!,https://www.gutenberg.org/ebooks/24,24,Willa Cather
Alice in Wonderland,https://www.gutenberg.org/ebooks/35688,35688,Lewis Carroll and Alice Gerstenberg
The house at Pooh Corner,https://www.gutenberg.org/ebooks/73011,73011,A. A. Milne
Murder at Bridge,https://www.gutenberg.org/ebooks/23078,23078,Anne Austin
Die Verwirrungen des Zöglings Törleß (German),https://www.gutenberg.org/ebooks/34717,34717,Robert Musil
At the Back of the North Wind,https://www.gutenberg.org/ebooks/28737,28737,George MacDonald
Der Zauberberg. Zweiter Band (German),https://www.gutenberg.org/ebooks/65662,65662,Thomas Mann
Le rouge et le noir: chronique du XIXe siècle (French),https://www.gutenberg.org/ebooks/798,798,Stendhal
The Vicar of Wakefield,https://www.gutenberg.org/ebooks/21601,21601,Oliver Goldsmith
The House of the Seven Gables,https://www.gutenberg.org/ebooks/77,77,Nathaniel Hawthorne
The Middle-Class Gentleman,https://www.gutenberg.org/ebooks/2992,2992,Molière
Dracula's Guest,https://www.gutenberg.org/ebooks/10150,10150,Bram Stoker
Howards End,https://www.gutenberg.org/ebooks/2946,2946,E. M. Forster
O Pioneers!,https://www.gutenberg.org/ebooks/22448,22448,Willa Cather
Treasure Island,https://www.gutenberg.org/ebooks/23936,23936,Robert Louis Stevenson
The Hanging Stranger,https://www.gutenberg.org/ebooks/41562,41562,Philip K. Dick
Babbitt,https://www.gutenberg.org/ebooks/1156,1156,Sinclair Lewis
花月痕 (Chinese),https://www.gutenberg.org/ebooks/25187,25187,Zi'an Wei
Rilla of Ingleside,https://www.gutenberg.org/ebooks/3796,3796,L. M. Montgomery
Sky Island,https://www.gutenberg.org/ebooks/21159,21159,L. Frank Baum
Three Ghost Stories,https://www.gutenberg.org/ebooks/1289,1289,Charles Dickens
The Marvelous Land of Oz,https://www.gutenberg.org/ebooks/19466,19466,L. Frank Baum
Le tour du monde en quatre-vingts jours (French),https://www.gutenberg.org/ebooks/20973,20973,Jules Verne
Tarzan of the Apes,https://www.gutenberg.org/ebooks/78,78,Edgar Rice Burroughs
"Don Quixote, Volume 1",https://www.gutenberg.org/ebooks/28842,28842,Miguel de Cervantes Saavedra
"The Queen of Spades, and other stories",https://www.gutenberg.org/ebooks/55024,55024,Aleksandr Sergeevich Pushkin
The island of Dr. Moreau,https://www.gutenberg.org/ebooks/28840,28840,H. G. Wells
Dom Casmurro (Portuguese),https://www.gutenberg.org/ebooks/55752,55752,Machado de Assis
The Secret Agent: A Simple Tale,https://www.gutenberg.org/ebooks/974,974,Joseph Conrad
The mystery of the Blue Train,https://www.gutenberg.org/ebooks/72824,72824,Agatha Christie
The Old Curiosity Shop,https://www.gutenberg.org/ebooks/700,700,Charles Dickens
Arms and the Man,https://www.gutenberg.org/ebooks/3618,3618,Bernard Shaw
The Raven,https://www.gutenberg.org/ebooks/1065,1065,Edgar Allan Poe
The Golden Road,https://www.gutenberg.org/ebooks/26221,26221,L. M. Montgomery
Faust: Eine Tragödie [erster Teil] (German),https://www.gutenberg.org/ebooks/21000,21000,Johann Wolfgang von Goethe
Jabberwocky,https://www.gutenberg.org/ebooks/23717,23717,Lewis Carroll
Theresa Raquin,https://www.gutenberg.org/ebooks/6626,6626,Émile Zola
The Awakening of Spring: A Tragedy of Childhood,https://www.gutenberg.org/ebooks/35242,35242,Frank Wedekind
Northanger Abbey,https://www.gutenberg.org/ebooks/20682,20682,Jane Austen
The Man Who Would Be King,https://www.gutenberg.org/ebooks/8147,8147,Rudyard Kipling
A Christmas Carol,https://www.gutenberg.org/ebooks/19337,19337,Charles Dickens
Germinal,https://www.gutenberg.org/ebooks/56528,56528,Émile Zola
L'île mystérieuse (French),https://www.gutenberg.org/ebooks/14287,14287,Jules Verne
The Nibelungenlied,https://www.gutenberg.org/ebooks/7321,7321,
The Golden Dream,https://www.gutenberg.org/ebooks/22980,22980,R. M. Ballantyne
The Rainbow,https://www.gutenberg.org/ebooks/28948,28948,D. H. Lawrence
Dorothy and the Wizard in Oz,https://www.gutenberg.org/ebooks/22566,22566,L. Frank Baum
Sketches New and Old,https://www.gutenberg.org/ebooks/3189,3189,Mark Twain
Peter Pan in Kensington Gardens,https://www.gutenberg.org/ebooks/26998,26998,J. M. Barrie
The Red Room,https://www.gutenberg.org/ebooks/23218,23218,H. G. Wells
Le avventure di Pinocchio: Storia di un burattino (Italian),https://www.gutenberg.org/ebooks/52484,52484,Carlo Collodi
"Maria; Or, The Wrongs of Woman",https://www.gutenberg.org/ebooks/134,134,Mary Wollstonecraft
"Moby-Dick; or, The Whale",https://www.gutenberg.org/ebooks/15,15,Herman Melville
Белые ночи (Russian),https://www.gutenberg.org/ebooks/21183,21183,Fyodor Dostoyevsky
The Gambler,https://www.gutenberg.org/ebooks/2197,2197,Fyodor Dostoyevsky
Charlotte Temple,https://www.gutenberg.org/ebooks/171,171,Mrs. Rowson
閱微草堂筆記 (Chinese),https://www.gutenberg.org/ebooks/23817,23817,Yun Ji
The Tale of Tom Kitten,https://www.gutenberg.org/ebooks/14837,14837,Beatrix Potter
Dorothy Dale - A Girl of Today,https://www.gutenberg.org/ebooks/28943,28943,Margaret Penrose
The Man in the Brown Suit,https://www.gutenberg.org/ebooks/61168,61168,Agatha Christie
The Story of Doctor Dolittle,https://www.gutenberg.org/ebooks/501,501,Hugh Lofting
Rilla of Ingleside,https://www.gutenberg.org/ebooks/26265,26265,L. M. Montgomery
Fanny Hill: Memoirs of a Woman of Pleasure,https://www.gutenberg.org/ebooks/20028,20028,John Cleland
From the Earth to the Moon,https://www.gutenberg.org/ebooks/28918,28918,Jules Verne
The Odyssey,https://www.gutenberg.org/ebooks/28797,28797,Homer
Voyage au Centre de la Terre (French),https://www.gutenberg.org/ebooks/4791,4791,Jules Verne
White Fang,https://www.gutenberg.org/ebooks/23976,23976,Jack London
Faust: Der Tragödie erster Teil (German),https://www.gutenberg.org/ebooks/2229,2229,Johann Wolfgang von Goethe
The Big Four,https://www.gutenberg.org/ebooks/70114,70114,Agatha Christie
Au temps de l'innocence (French),https://www.gutenberg.org/ebooks/62147,62147,Edith Wharton
The Comedy of Errors,https://www.gutenberg.org/ebooks/23046,23046,William Shakespeare
Rainbow Valley,https://www.gutenberg.org/ebooks/26469,26469,L. M. Montgomery
The Inspector-General,https://www.gutenberg.org/ebooks/3735,3735,Nikolai Vasilevich Gogol
Age of Innocence,https://www.gutenberg.org/ebooks/26458,26458,Edith Wharton
The Tale of Squirrel Nutkin,https://www.gutenberg.org/ebooks/14872,14872,Beatrix Potter
封神演義 (Chinese),https://www.gutenberg.org/ebooks/23910,23910,Xixing Lu
The Imaginary Invalid,https://www.gutenberg.org/ebooks/9070,9070,Molière
Buddenbrooks: Verfall einer Familie (German),https://www.gutenberg.org/ebooks/34811,34811,Thomas Mann
Love and Freindship [sic],https://www.gutenberg.org/ebooks/1212,1212,Jane Austen
Heart of Darkness,https://www.gutenberg.org/ebooks/526,526,Joseph Conrad
鏡花緣 (Chinese),https://www.gutenberg.org/ebooks/23818,23818,Ruzhen Li
警世通言 (Chinese),https://www.gutenberg.org/ebooks/24141,24141,Menglong Feng
"Frankenstein; Or, The Modern Prometheus",https://www.gutenberg.org/ebooks/20038,20038,Mary Wollstonecraft Shelley
The Man That Corrupted Hadleyburg,https://www.gutenberg.org/ebooks/1213,1213,Mark Twain
The Red and the Black: A Chronicle of 1830,https://www.gutenberg.org/ebooks/44747,44747,Stendhal
Five Little Peppers and How They Grew,https://www.gutenberg.org/ebooks/20037,20037,Margaret Sidney
A Little Princess,https://www.gutenberg.org/ebooks/19514,19514,Frances Hodgson Burnett
The Sea-Wolf,https://www.gutenberg.org/ebooks/1074,1074,Jack London
The War of the Worlds,https://www.gutenberg.org/ebooks/26291,26291,H. G. Wells
"Wieland; Or, The Transformation: An American Tale",https://www.gutenberg.org/ebooks/792,792,Charles Brockden Brown
The Emerald City of Oz,https://www.gutenberg.org/ebooks/21163,21163,L. Frank Baum
A Hero of Our Time,https://www.gutenberg.org/ebooks/913,913,Mikhail Iurevich Lermontov
